0,nombre_del_pais,continente,capital,habitantes,superficie,pib_2024_usd,emisiones_co2_2024_toneladas,bandera,fecha_admision_onu ,wikipedia,Wikipedia-capital
1,Alemania,Europa,Berlín,83166711,357022,4072191000000,596000000,https://flagpedia.net/data/flags/w580/de.png,1973-09-18,https://es.wikipedia.org/wiki/Alemania,https://es.wikipedia.org/wiki/Berl%C3%ADn
2,Reino Unido,Europa,Londres,67886011,243610,3070667000000,4911000000,https://flagpedia.net/data/flags/w580/gb.png,1945-10-24,https://es.wikipedia.org/wiki/Reino_Unido,https://es.wikipedia.org/wiki/Londres
3,Francia,Europa,París,65273511,551695,2782905000000,988000000,https://flagpedia.net/data/flags/w580/fr.png,1945-10-24,https://es.wikipedia.org/wiki/Francia,https://es.wikipedia.org/wiki/Par%C3%ADs
4,Rusia,Europa,Moscú,145440504,17098242,2240422000000,1815000000,https://flagpedia.net/data/flags/w580/ru.png,1945-10-24,https://es.wikipedia.org/wiki/Rusia,https://es.wikipedia.org/wiki/Mosc%C3%BA
5,Italia,Europa,Roma,60317116,301340,2010431000000,1397000000,https://flagpedia.net/data/flags/w580/it.png,1955-12-14,https://es.wikipedia.org/wiki/Italia,https://es.wikipedia.org/wiki/Roma
6,España,Europa,Madrid,47351567,505992,1397509000000,1154000000,https://flagpedia.net/data/flags/w580/es.png,1955-12-14,https://es.wikipedia.org/wiki/Espa%C3%B1a,https://es.wikipedia.org/wiki/Madrid
7,Países Bajos,Europa,Ámsterdam,17441139,41526,991114000000,733000000,https://flagpedia.net/data/flags/w580/nl.png,1945-12-10,https://es.wikipedia.org/wiki/Pa%C3%ADses_Bajos,https://es.wikipedia.org/wiki/%C3%81msterdam
8,Suiza,Europa,Berna,8654622,41290,807706000000,577000000,https://flagpedia.net/data/flags/w580/ch.png,2002-09-10,https://es.wikipedia.org/wiki/Suiza,https://es.wikipedia.org/wiki/Berna
9,Polonia,Europa,Varsovia,38386000,312685,688176000000,301000000,https://flagpedia.net/data/flags/w580/pl.png,1945-10-24,https://es.wikipedia.org/wiki/Polonia,https://es.wikipedia.org/wiki/Varsovia
10,Suecia,Europa,Estocolmo,10379295,449964,585939000000,579000000,https://flagpedia.net/data/flags/w580/se.png,1946-11-19,https://es.wikipedia.org/wiki/Suecia,https://es.wikipedia.org/wiki/Estocolmo
11,Noruega,Europa,Oslo,5421241,324220,579267000000,578000000,https://flagpedia.net/data/flags/w580/no.png,1945-11-27,https://es.wikipedia.org/wiki/Noruega,https://es.wikipedia.org/wiki/Oslo
12,Bélgica,Europa,Bruselas,11589623,30510,578604000000,578000000,https://flagpedia.net/data/flags/w580/be.png,1945-12-27,https://es.wikipedia.org/wiki/B%C3%A9lgica,https://es.wikipedia.org/wiki/Bruselas
13,Irlanda,Europa,Dublín,4994724,70280,529244000000,529000000,https://flagpedia.net/data/flags/w580/ie.png,1955-12-14,https://es.wikipedia.org/wiki/Irlanda,https://es.wikipedia.org/wiki/Dubl%C3%ADn
14,Austria,Europa,Viena,8917205,83858,471400000000,471000000,https://flagpedia.net/data/flags/w580/at.png,1955-12-14,https://es.wikipedia.org/wiki/Austria,https://es.wikipedia.org/wiki/Viena
15,Dinamarca,Europa,Copenhague,5831404,43094,395403000000,395000000,https://flagpedia.net/data/flags/w580/dk.png,1945-10-24,https://es.wikipedia.org/wiki/Dinamarca,https://es.wikipedia.org/wiki/Copenhague
16,Rumanía,Europa,Bucarest,19237691,237500,301261000000,301000000,https://flagpedia.net/data/flags/w580/ro.png,1955-12-14,https://es.wikipedia.org/wiki/Ruman%C3%ADa,https://es.wikipedia.org/wiki/Bucarest
17,República Checa,Europa,Praga,10701777,78866,290923000000,290000000,https://flagpedia.net/data/flags/w580/cz.png,1993-01-19,https://es.wikipedia.org/wiki/Rep%C3%BAblica_Checa,https://es.wikipedia.org/wiki/Praga
18,Finlandia,Europa,Helsinki,5540720,338470,280825000000,280000000,https://flagpedia.net/data/flags/w580/fi.png,1955-12-14,https://es.wikipedia.org/wiki/Finlandia,https://es.wikipedia.org/wiki/Helsinki
19,Portugal,Europa,Lisboa,10295909,92212,251945000000,251000000,https://flagpedia.net/data/flags/w580/pt.png,1955-12-14,https://es.wikipedia.org/wiki/Portugal,https://es.wikipedia.org/wiki/Lisboa
20,Grecia,Europa,Atenas,10423054,131957,219065000000,219000000,https://flagpedia.net/data/flags/w580/gr.png,1945-10-25,https://es.wikipedia.org/wiki/Grecia,https://es.wikipedia.org/wiki/Atenas
21,Hungría,Europa,Budapest,9749763,93030,178788000000,178000000,https://flagpedia.net/data/flags/w580/hu.png,1955-12-14,https://es.wikipedia.org/wiki/Hungr%C3%ADa,https://es.wikipedia.org/wiki/Budapest
22,Ucrania,Europa,Kiev,44134693,603700,160502000000,160000000,https://flagpedia.net/data/flags/w580/ua.png,1945-10-24,https://es.wikipedia.org/wiki/Ucrania,https://es.wikipedia.org/wiki/Kiev
23,Eslovaquia,Europa,Bratislava,5456362,49035,115468000000,115000000,https://flagpedia.net/data/flags/w580/sk.png,1993-01-19,https://es.wikipedia.org/wiki/Eslovaquia,https://es.wikipedia.org/wiki/Bratislava
24,Bulgaria,Europa,Sofía,6927288,110994,89040000000,89000000,https://flagpedia.net/data/flags/w580/bg.png,1955-12-14,https://es.wikipedia.org/wiki/Bulgaria,https://es.wikipedia.org/wiki/Sof%C3%ADa
25,Luxemburgo,Europa,Luxemburgo,634814,2586,82274000000,82000000,https://flagpedia.net/data/flags/w580/lu.png,1945-10-24,https://es.wikipedia.org/wiki/Luxemburgo,https://es.wikipedia.org/wiki/Luxemburgo
26,Croacia,Europa,Zagreb,4076246,56594,70964000000,70000000,https://flagpedia.net/data/flags/w580/hr.png,1992-05-22,https://es.wikipedia.org/wiki/Croacia,https://es.wikipedia.org/wiki/Zagreb
27,Lituania,Europa,Vilna,2794137,65300,70334000000,70000000,https://flagpedia.net/data/flags/w580/lt.png,1991-09-17,https://es.wikipedia.org/wiki/Lituania,https://es.wikipedia.org/wiki/Vilna
28,Serbia,Europa,Belgrado,6908224,77474,63501000000,63000000,https://flagpedia.net/data/flags/w580/rs.png,2000-11-01,https://es.wikipedia.org/wiki/Serbia,https://es.wikipedia.org/wiki/Belgrado
29,Eslovenia,Europa,Liubliana,2100126,20273,62117000000,62000000,https://flagpedia.net/data/flags/w580/si.png,1992-05-22,https://es.wikipedia.org/wiki/Eslovenia,https://es.wikipedia.org/wiki/Liubliana
30,Letonia,Europa,Riga,1901548,64589,41153000000,41000000,https://flagpedia.net/data/flags/w580/lv.png,1991-09-17,https://es.wikipedia.org/wiki/Letonia,https://es.wikipedia.org/wiki/Riga
31,Estonia,Europa,Tallin,1324820,45339,38100000000,38000000,https://flagpedia.net/data/flags/w580/ee.png,1991-09-17,https://es.wikipedia.org/wiki/Estonia,https://es.wikipedia.org/wiki/Tallin
32,Chipre,Europa,Nicosia,1207359,9251,28439000000,28000000,https://flagpedia.net/data/flags/w580/cy.png,1960-09-20,https://es.wikipedia.org/wiki/Chipre,https://es.wikipedia.org/wiki/Nicosia
33,Islandia,Europa,Reikiavik,343599,103000,27841000000,27000000,https://flagpedia.net/data/flags/w580/is.png,1946-11-19,https://es.wikipedia.org/wiki/Islandia,https://es.wikipedia.org/wiki/Reikiavik
34,Bosnia y Herzegovina,Europa,Sarajevo,3280819,51197,24527000000,24000000,https://flagpedia.net/data/flags/w580/ba.png,1992-05-22,https://es.wikipedia.org/wiki/Bosnia_y_Herzegovina,https://es.wikipedia.org/wiki/Sarajevo
35,Albania,Europa,Tirana,2877797,28748,18882000000,18000000,https://flagpedia.net/data/flags/w580/al.png,1955-12-14,https://es.wikipedia.org/wiki/Albania,https://es.wikipedia.org/wiki/Tirana
36,Malta,Europa,La Valeta,514564,316,17765000000,17000000,https://flagpedia.net/data/flags/w580/mt.png,1964-12-01,https://es.wikipedia.org/wiki/Malta,https://es.wikipedia.org/wiki/La_Valeta
37,Moldavia,Europa,Chisináu,2657637,33846,14420000000,14000000,https://flagpedia.net/data/flags/w580/md.png,1992-03-02,https://es.wikipedia.org/wiki/Moldavia,https://es.wikipedia.org/wiki/Chisin%C3%A1u
38,Macedonia del Norte,Europa,Skopie,2083459,25713,13563000000,13000000,https://flagpedia.net/data/flags/w580/mk.png,1993-04-08,https://es.wikipedia.org/wiki/Macedonia_del_Norte,https://es.wikipedia.org/wiki/Skopie
39,Montenegro,Europa,Podgorica,622359,13812,6095000000,6000000,https://flagpedia.net/data/flags/w580/me.png,2006-06-28,https://es.wikipedia.org/wiki/Montenegro,https://es.wikipedia.org/wiki/Podgorica
40,Andorra,Europa,Andorra la Vieja,77265,468,3352000000,3000000,https://flagpedia.net/data/flags/w580/ad.png,1993-07-28,https://es.wikipedia.org/wiki/Andorra,https://es.wikipedia.org/wiki/Andorra_la_Vieja
41,San Marino,Europa,San Marino,33931,61,1855000000,1000000,https://flagpedia.net/data/flags/w580/sm.png,1992-03-02,https://es.wikipedia.org/wiki/San_Marino,https://es.wikipedia.org/wiki/San_Marino
42,Canadá,América del Norte,Ottawa,38005238,9984670,2200000000000,700000000,https://flagpedia.net/data/flags/w580/ca.png,1945-11-09,https://es.wikipedia.org/wiki/Canad%C3%A1,https://es.wikipedia.org/wiki/Ottawa
43,Estados Unidos,América del Norte,Washington D.C.,331893745,9833517,25000000000000,5000000000,https://flagpedia.net/data/flags/w580/us.png,1945-10-24,https://es.wikipedia.org/wiki/Estados_Unidos,https://es.wikipedia.org/wiki/Washington_D._D.C.
44,México,América del Norte,Ciudad de México,126014024,1964375,1400000000000,450000000,https://flagpedia.net/data/flags/w580/mx.png,1945-11-07,https://es.wikipedia.org/wiki/M%C3%A9xico,https://es.wikipedia.org/wiki/Ciudad_de_M%C3%A9xico
45,Argentina,América del Sur,Buenos Aires,45376763,2780400,500000000000,200000000,https://flagpedia.net/data/flags/w580/ar.png,1945-10-24,https://es.wikipedia.org/wiki/Argentina,https://es.wikipedia.org/wiki/Buenos_Aires
46,Bolivia,América del Sur,Sucre,11673021,1098581,40000000000,20000000,https://flagpedia.net/data/flags/w580/bo.png,1945-11-14,https://es.wikipedia.org/wiki/Bolivia,https://es.wikipedia.org/wiki/Sucre
47,Brasil,América del Sur,Brasilia,213993437,8515767,2000000000000,1000000000,https://flagpedia.net/data/flags/w580/br.png,1945-10-24,https://es.wikipedia.org/wiki/Brasil,https://es.wikipedia.org/wiki/Brasilia
48,Chile,América del Sur,Santiago,19212362,756102,300000000000,100000000,https://flagpedia.net/data/flags/w580/cl.png,1945-10-24,https://es.wikipedia.org/wiki/Chile,https://es.wikipedia.org/wiki/Santiago_de_Chile
49,Colombia,América del Sur,Bogotá,50882891,1141748,400000000000,150000000,https://flagpedia.net/data/flags/w580/co.png,1945-11-05,https://es.wikipedia.org/wiki/Colombia,https://es.wikipedia.org/wiki/Bogot%C3%A1
50,Ecuador,América del Sur,Quito,17643060,283561,100000000000,50000000,https://flagpedia.net/data/flags/w580/ec.png,1945-12-21,https://es.wikipedia.org/wiki/Ecuador,https://es.wikipedia.org/wiki/Quito
51,Guyana,América del Sur,Georgetown,786559,214969,10000000000,5000000,https://flagpedia.net/data/flags/w580/gy.png,1966-09-20,https://es.wikipedia.org/wiki/Guyana,https://es.wikipedia.org/wiki/Georgetown_(Guyana)
52,Paraguay,América del Sur,Asunción,7132538,406752,30000000000,15000000,https://flagpedia.net/data/flags/w580/py.png,1945-10-24,https://es.wikipedia.org/wiki/Paraguay,https://es.wikipedia.org/wiki/Asunci%C3%B3n
53,Perú,América del Sur,Lima,33359416,1285216,250000000000,100000000,https://flagpedia.net/data/flags/w580/pe.png,1945-10-31,https://es.wikipedia.org/wiki/Per%C3%BA,https://es.wikipedia.org/wiki/Lima
54,Surinam,América del Sur,Paramaribo,586634,163820,5000000000,2000000,https://flagpedia.net/data/flags/w580/sr.png,1975-12-04,https://es.wikipedia.org/wiki/Surinam,https://es.wikipedia.org/wiki/Paramaribo
55,Uruguay,América del Sur,Montevideo,3473727,176215,60000000000,25000000,https://flagpedia.net/data/flags/w580/uy.png,1945-12-18,https://es.wikipedia.org/wiki/Uruguay,https://es.wikipedia.org/wiki/Montevideo
56,Venezuela,América del Sur,Caracas,28435943,916445,100000000000,50000000,https://flagpedia.net/data/flags/w580/ve.png,1945-11-15,https://es.wikipedia.org/wiki/Venezuela,https://es.wikipedia.org/wiki/Caracas
57,China,Asia,Pekín,1444216107,9596961,18000000000,10000000,https://flagpedia.net/data/flags/w580/cn.png,1945-10-24,https://es.wikipedia.org/wiki/China,https://es.wikipedia.org/wiki/Pek%C3%ADn
58,India,Asia,Nueva Delhi,1393409038,3287263,3500000000,2500000,https://flagpedia.net/data/flags/w580/in.png,1945-10-30,https://es.wikipedia.org/wiki/India,https://es.wikipedia.org/wiki/Nueva_Delhi
59,Japón,Asia,Tokio,125836021,377975,5000000000,1200000,https://flagpedia.net/data/flags/w580/jp.png,1956-12-18,https://es.wikipedia.org/wiki/Jap%C3%B3n,https://es.wikipedia.org/wiki/Tokio
60,Corea del Sur,Asia,Seúl,51780579,100210,1800000000,700000000,https://flagpedia.net/data/flags/w580/kr.png,1991-09-17,https://es.wikipedia.org/wiki/Corea_del_Sur,https://es.wikipedia.org/wiki/Se%C3%BAl
61,Indonesia,Asia,Yakarta,276361783,1904569,1200000000,500000000,https://flagpedia.net/data/flags/w580/id.png,1950-09-28,https://es.wikipedia.org/wiki/Indonesia,https://es.wikipedia.org/wiki/Yakarta
62,Arabia Saudita,Asia,Riad,34813871,2149690,900000000,600000000,https://flagpedia.net/data/flags/w580/sa.png,1945-06-26,https://es.wikipedia.org/wiki/Arabia_Saudita,https://es.wikipedia.org/wiki/Riad
63,Turquía,Asia,Ankara,84339067,783356,800000000,400000000,https://flagpedia.net/data/flags/w580/tr.png,1945-10-24,https://es.wikipedia.org/wiki/Turqu%C3%ADa,https://es.wikipedia.org/wiki/Ankara
64,Irán,Asia,Teherán,85028760,1648195,600000000,300000000,https://flagpedia.net/data/flags/w580/ir.png,1945-10-24,https://es.wikipedia.org/wiki/Ir%C3%A1n,https://es.wikipedia.org/wiki/Teher%C3%A1n
65,Tailandia,Asia,Bangkok,69799978,513120,500000000,200000000,https://flagpedia.net/data/flags/w580/th.png,1946-12-16,https://es.wikipedia.org/wiki/Tailandia,https://es.wikipedia.org/wiki/Bangkok
66,Malasia,Asia,Kuala Lumpur,32776194,330803,400000000,150000000,https://flagpedia.net/data/flags/w580/my.png,1957-09-17,https://es.wikipedia.org/wiki/Malasia,https://es.wikipedia.org/wiki/Kuala_Lumpur
67,Filipinas,Asia,Manila,111046913,300000,300000000,100000000,https://flagpedia.net/data/flags/w580/ph.png,1945-10-24,https://es.wikipedia.org/wiki/Filipinas,https://es.wikipedia.org/wiki/Manila
68,Pakistán,Asia,Islamabad,225199937,881913,250000000,150000000,https://flagpedia.net/data/flags/w580/pk.png,1947-09-30,https://es.wikipedia.org/wiki/Pakist%C3%A1n,https://es.wikipedia.org/wiki/Islamabad
69,Bangladés,Asia,Daca,166303498,147570,200000000,100000000,https://flagpedia.net/data/flags/w580/bd.png,1974-09-17,https://es.wikipedia.org/wiki/Banglad%C3%A9s,https://es.wikipedia.org/wiki/Daca
70,Vietnam,Asia,Hanói,98168829,331212,150000000,80000000,https://flagpedia.net/data/flags/w580/vn.png,1977-09-20,https://es.wikipedia.org/wiki/Vietnam,https://es.wikipedia.org/wiki/Han%C3%B3i
71,Israel,Asia,Jerusalén,9216900,20770,100000000,50000000,https://flagpedia.net/data/flags/w580/il.png,1949-05-11,https://es.wikipedia.org/wiki/Israel,https://es.wikipedia.org/wiki/Jerusal%C3%A9n
72,Singapur,Asia,Singapur,5685807,728,90000000,40000000,https://flagpedia.net/data/flags/w580/sg.png,1965-09-21,https://es.wikipedia.org/wiki/Singapur,https://es.wikipedia.org/wiki/Singapur
73,Emiratos Árabes Unidos,Asia,Abu Dabi,9890400,83600,80000000,30000000,https://flagpedia.net/data/flags/w580/ae.png,1971-12-09,https://es.wikipedia.org/wiki/Emiratos_%C3%81rabes_Unidos,https://es.wikipedia.org/wiki/Abu_Dabi
74,Kuwait,Asia,Kuwait,4396000,17818,70000000,20000000,https://flagpedia.net/data/flags/w580/kw.png,1963-05-14,https://es.wikipedia.org/wiki/Kuwait,https://es.wikipedia.org/wiki/Kuwait
75,Qatar,Asia,Doha,2881060,11586,60000000,15000000,https://flagpedia.net/data/flags/w580/qa.png,1971-09-21,https://es.wikipedia.org/wiki/Catar,https://es.wikipedia.org/wiki/Doha
76,Jordania,Asia,Amán,10203140,89342,50000000,10000000,https://flagpedia.net/data/flags/w580/jo.png,1955-12-14,https://es.wikipedia.org/wiki/Jordania,https://es.wikipedia.org/wiki/Am%C3%A1n
77,Líbano,Asia,Beirut,6825442,10452,40000000,8000000,https://flagpedia.net/data/flags/w580/lb.png,1945-10-24,https://es.wikipedia.org/wiki/L%C3%ADbano,https://es.wikipedia.org/wiki/Beirut
78,Siria,Asia,Damasco,17500657,185180,30000000,5000000,https://flagpedia.net/data/flags/w580/sy.png,1945-10-24,https://es.wikipedia.org/wiki/Siria,https://es.wikipedia.org/wiki/Damasco
79,Irak,Asia,Bagdad,40222503,438317,20000000,4000000,https://flagpedia.net/data/flags/w580/iq.png,1945-12-21,https://es.wikipedia.org/wiki/Irak,https://es.wikipedia.org/wiki/Bagdad
80,Afganistán,Asia,Kabul,39835428,652230,10000000,2000000,https://flagpedia.net/data/flags/w580/af.png,1946-11-19,https://es.wikipedia.org/wiki/Afganist%C3%A1n,https://es.wikipedia.org/wiki/Kabul
81,Australia,Oceanía,Canberra,25687041,7692024,150000000000,400000000,https://flagpedia.net/data/flags/w580/au.png,1945-11-01,https://es.wikipedia.org/wiki/Australia,https://es.wikipedia.org/wiki/Canberra
82,Nueva Zelanda,Oceanía,Wellington,5084300,268838,250000000000,40000000,https://flagpedia.net/data/flags/w580/nz.png,1945-10-24,https://es.wikipedia.org/wiki/Nueva_Zelanda,https://es.wikipedia.org/wiki/Wellington
83,Papúa Nueva Guinea,Oceanía,Port Moresby,8947027,462840,30000000000,20000000,https://flagpedia.net/data/flags/w580/pg.png,1975-10-10,https://es.wikipedia.org/wiki/Pap%C3%BAa_Nueva_Guinea,https://es.wikipedia.org/wiki/Port_Moresby
84,Fiyi,Oceanía,Suva,896445,18274,5000000000,2000000,https://flagpedia.net/data/flags/w580/fj.png,1970-10-13,https://es.wikipedia.org/wiki/Fiyi,https://es.wikipedia.org/wiki/Suva
85,Islas Salomón,Oceanía,Honiara,703996,28896,1500000000,1000000,https://flagpedia.net/data/flags/w580/sb.png,1978-09-19,https://es.wikipedia.org/wiki/Islas_Salom%C3%B3n,https://es.wikipedia.org/wiki/Honiara
86,Vanuatu,Oceanía,Port Vila,307145,12189,900000000,500000,https://flagpedia.net/data/flags/w580/vu.png,1981-09-15,https://es.wikipedia.org/wiki/Vanuatu,https://es.wikipedia.org/wiki/Port_Vila
87,Samoa,Oceanía,Apia,202506,2831,800000000,400000,https://flagpedia.net/data/flags/w580/ws.png,1976-12-15,https://es.wikipedia.org/wiki/Samoa,https://es.wikipedia.org/wiki/Apia
88,Kiribati,Oceanía,Tarawa,119446,811,200000000,100000,https://flagpedia.net/data/flags/w580/ki.png,1999-09-14,https://es.wikipedia.org/wiki/Kiribati,https://es.wikipedia.org/wiki/Tarawa
89,Tonga,Oceanía,Nukualofa,105697,747,500000000,200000,https://flagpedia.net/data/flags/w580/to.png,1999-09-14,https://es.wikipedia.org/wiki/Tonga,https://es.wikipedia.org/wiki/Nukualofa
90,Micronesia,Oceanía,Palikir,115021,702,400000000,200000,https://flagpedia.net/data/flags/w580/fm.png,1991-09-17,https://es.wikipedia.org/wiki/Micronesia,https://es.wikipedia.org/wiki/Palikir
91,Palaos,Oceanía,Ngerulmud,18092,459,300000000,100000,https://flagpedia.net/data/flags/w580/pw.png,1994-12-15,https://es.wikipedia.org/wiki/Palaos,https://es.wikipedia.org/wiki/Ngerulmud
92,Nauru,Oceanía,Yaren,10834,21,100000000,50000,https://flagpedia.net/data/flags/w580/nr.png,1999-09-14,https://es.wikipedia.org/wiki/Nauru,https://es.wikipedia.org/wiki/Yaren
93,Tuvalu,Oceanía,Funafuti,11792,26,50000000,20000,https://flagpedia.net/data/flags/w580/tv.png,2000-09-05,https://es.wikipedia.org/wiki/Tuvalu,https://es.wikipedia.org/wiki/Funafuti
94,Islas Marshall,Oceanía,Majuro,59194,181,200000000,100000,https://flagpedia.net/data/flags/w580/mh.png,1991-09-17,https://es.wikipedia.org/wiki/Islas_Marshall,https://es.wikipedia.org/wiki/Majuro
95,Angola,África,Luanda,36749906,1246700,84820000,28230000,https://flagpedia.net/data/flags/w580/ao.png,1976-12-01,https://es.wikipedia.org/wiki/Angola,https://es.wikipedia.org/wiki/Luanda
96,Argelia,África,Argel,45973000,2381741,247790000,180360000,https://flagpedia.net/data/flags/w580/dz.png,1962-10-08,https://es.wikipedia.org/wiki/Argelia,https://es.wikipedia.org/wiki/Argel
97,Benín,África,Porto Novo,13713000,114760,19680000,6440000,https://flagpedia.net/data/flags/w580/bj.png,1960-09-20,https://es.wikipedia.org/wiki/Ben%C3%ADn,https://es.wikipedia.org/wiki/Porto-Novo
98,Botsuana,África,Gaborone,2480244,581730,19400000,7430000,https://flagpedia.net/data/flags/w580/bw.png,1966-10-17,https://es.wikipedia.org/wiki/Botsuana,https://es.wikipedia.org/wiki/Gaborone
99,Burkina Faso,África,Uagadugú,23251000,274200,20320000,5820000,https://flagpedia.net/data/flags/w580/bf.png,1960-09-20,https://es.wikipedia.org/wiki/Burkina_Faso,https://es.wikipedia.org/wiki/Uagadug%C3%BA
100,Burundi,África,Buyumbura,12976000,27830,2640000,710000,https://flagpedia.net/data/flags/w580/bi.png,1962-09-18,https://es.wikipedia.org/wiki/Burundi,https://es.wikipedia.org/wiki/Buyumbura
101,Cabo Verde,África,Praia,522331,4030,2530000,620000,https://flagpedia.net/data/flags/w580/cv.png,1975-09-16,https://es.wikipedia.org/wiki/Cabo_Verde,https://es.wikipedia.org/wiki/Praia
102,Camerún,África,Yaundé,28372687,475440,49280000,9930000,https://flagpedia.net/data/flags/w580/cm.png,1960-09-20,https://es.wikipedia.org/wiki/Camer%C3%BAn,https://es.wikipedia.org/wiki/Yaund%C3%A9
103,Chad,África,Yamena,19319064,1284000,13150000,1570000,https://flagpedia.net/data/flags/w580/td.png,1960-09-20,https://es.wikipedia.org/wiki/Chad,https://es.wikipedia.org/wiki/Yamena
104,Costa de Marfil,África,Yamusukro,26378274,322463,78880000,10900000,https://flagpedia.net/data/flags/w580/ci.png,1960-09-20,https://es.wikipedia.org/wiki/Costa_de_Marfil,https://es.wikipedia.org/wiki/Yamusukro
105,Egipto,África,El Cairo,109262000,1010408,396000000,210750000,https://flagpedia.net/data/flags/w580/eg.png,1945-10-24,https://es.wikipedia.org/wiki/Egipto,https://es.wikipedia.org/wiki/El_Cairo
106,Eritrea,África,Asmara,3684000,117600,2070000,710000,https://flagpedia.net/data/flags/w580/er.png,1993-05-28,https://es.wikipedia.org/wiki/Eritrea,https://es.wikipedia.org/wiki/Asmara
107,Etiopía,África,Addis Abeba,126527060,1104300,163700000,18100000,https://flagpedia.net/data/flags/w580/et.png,1945-11-13,https://es.wikipedia.org/wiki/Etiop%C3%ADa,https://es.wikipedia.org/wiki/Addis_Abeba
108,Gabón,África,Libreville,2225734,267668,19390000,5350000,https://flagpedia.net/data/flags/w580/ga.png,1960-09-20,https://es.wikipedia.org/wiki/Gab%C3%B3n,https://es.wikipedia.org/wiki/Libreville
109,Gambia,África,Banjul,2416668,11295,2400000,610000,https://flagpedia.net/data/flags/w580/gm.png,1965-09-21,https://es.wikipedia.org/wiki/Gambia,https://es.wikipedia.org/wiki/Banjul
110,Ghana,África,Accra,31955202,238533,76370000,19400000,https://flagpedia.net/data/flags/w580/gh.png,1957-03-08,https://es.wikipedia.org/wiki/Ghana,https://es.wikipedia.org/wiki/Accra
111,Guinea,África,Conakry,13132792,245857,22200000,4540000,https://flagpedia.net/data/flags/w580/gn.png,1958-12-12,https://es.wikipedia.org/wiki/Guinea,https://es.wikipedia.org/wiki/Conakry
112,Guinea-Bisáu,África,Bissau,2027786,36125,2050000,330000,https://flagpedia.net/data/flags/w580/gw.png,1974-09-17,https://es.wikipedia.org/wiki/Guinea-Bis%C3%A1u,https://es.wikipedia.org/wiki/Bissau
113,Guinea Ecuatorial,África,Malabo,1454789,28051,12340000,4350000,https://flagpedia.net/data/flags/w580/gq.png,1968-11-12,https://es.wikipedia.org/wiki/Guinea_Ecuatorial,https://es.wikipedia.org/wiki/Malabo
114,Kenia,África,Nairobi,53771300,580367,95500000,14600000,https://flagpedia.net/data/flags/w580/ke.png,1963-12-16,https://es.wikipedia.org/wiki/Kenia,https://es.wikipedia.org/wiki/Nairobi
115,Lesoto,África,Maseru,2142249,30355,2740000,1200000,https://flagpedia.net/data/flags/w580/ls.png,1966-10-17,https://es.wikipedia.org/wiki/Lesoto,https://es.wikipedia.org/wiki/Maseru
116,Liberia,África,Monrovia,5057681,111369,3290000,1500000,https://flagpedia.net/data/flags/w580/lr.png,1945-11-02,https://es.wikipedia.org/wiki/Liberia,https://es.wikipedia.org/wiki/Monrovia
117,Libia,África,Trípoli,6871287,1759540,40000000,60000000,https://flagpedia.net/data/flags/w580/ly.png,1955-12-14,https://es.wikipedia.org/wiki/Libia,https://es.wikipedia.org/wiki/Tr%C3%ADpoli
118,Madagascar,África,Antananarivo,29278000,587041,14100000,4800000,https://flagpedia.net/data/flags/w580/mg.png,1960-09-20,https://es.wikipedia.org/wiki/Madagascar,https://es.wikipedia.org/wiki/Antananarivo
119,Malaui,África,Lilongüe,19129952,118484,7060000,1800000,https://flagpedia.net/data/flags/w580/mw.png,1964-12-01,https://es.wikipedia.org/wiki/Malaui,https://es.wikipedia.org/wiki/Lilong%C3%BCe
120,Malí,África,Bamako,20250833,1240192,17000000,6200000,https://flagpedia.net/data/flags/w580/ml.png,1960-09-28,https://es.wikipedia.org/wiki/Mal%C3%AD,https://es.wikipedia.org/wiki/Bamako
121,Marruecos,África,Rabat,36910560,446550,124000000,60000000,https://flagpedia.net/data/flags/w580/ma.png,1956-11-12,https://es.wikipedia.org/wiki/Marruecos,https://es.wikipedia.org/wiki/Rabat
122,Mauricio,África,Port Louis,1265740,2040,14000000,1400000,https://flagpedia.net/data/flags/w580/mu.png,1968-04-24,https://es.wikipedia.org/wiki/Mauricio,https://es.wikipedia.org/wiki/Port_Louis
123,Mauritania,África,Nuakchot,4649658,1030700,7500000,2500000,https://flagpedia.net/data/flags/w580/mr.png,1961-10-27,https://es.wikipedia.org/wiki/Mauritania,https://es.wikipedia.org/wiki/Nuakchot
124,Mozambique,África,Maputo,31255435,801590,15000000,10000000,https://flagpedia.net/data/flags/w580/mz.png,1975-09-16,https://es.wikipedia.org/wiki/Mozambique,https://es.wikipedia.org/wiki/Maputo
125,Namibia,África,Windhoek,2540905,825615,11200000,4500000,https://flagpedia.net/data/flags/w580/na.png,1990-04-23,https://es.wikipedia.org/wiki/Namibia,https://es.wikipedia.org/wiki/Windhoek
126,Níger,África,Niamey,24206644,1267000,13000000,3200000,https://flagpedia.net/data/flags/w580/ne.png,1960-09-20,https://es.wikipedia.org/wiki/N%C3%ADger,https://es.wikipedia.org/wiki/Niamey
127,Nigeria,África,Abuya,206139589,923768,448120000,100000000,https://flagpedia.net/data/flags/w580/ng.png,1960-10-07,https://es.wikipedia.org/wiki/Nigeria,https://es.wikipedia.org/wiki/Abuya
128,República Centroafricana,África,Bangui,4829767,622984,2300000,900000,https://flagpedia.net/data/flags/w580/cf.png,1960-09-20,https://es.wikipedia.org/wiki/Rep%C3%BAblica_Centroafricana,https://es.wikipedia.org/wiki/Bangui
129,República del Congo,África,Brazzaville,5518092,342000,12000000,3500000,https://flagpedia.net/data/flags/w580/cg.png,1960-09-20,https://es.wikipedia.org/wiki/Rep%C3%BAblica_del_Congo,https://es.wikipedia.org/wiki/Brazzaville
130,República Democrática del Congo,África,Kinsasa,89561403,2344858,50000000,30000000,https://flagpedia.net/data/flags/w580/cd.png,1960-09-20,https://es.wikipedia.org/wiki/Rep%C3%BAblica_Democr%C3%A1tica_del_Congo,https://es.wikipedia.org/wiki/Kinsasa
131,Ruanda,África,Kigali,12952218,26338,10350000,800000,https://flagpedia.net/data/flags/w580/rw.png,1962-09-18,https://es.wikipedia.org/wiki/Ruanda,https://es.wikipedia.org/wiki/Kigali
132,Santo Tomé y Príncipe,África,Santo Tomé,219159,964,420000,100000,https://flagpedia.net/data/flags/w580/st.png,1975-09-16,https://es.wikipedia.org/wiki/Santo_Tom%C3%A9_y_Pr%C3%ADncipe,https://es.wikipedia.org/wiki/Santo_Tom%C3%A9
133,Senegal,África,Dakar,16743927,196722,24130000,7500000,https://flagpedia.net/data/flags/w580/sn.png,1960-09-28,https://es.wikipedia.org/wiki/Senegal,https://es.wikipedia.org/wiki/Dakar
134,Seychelles,África,Victoria,98347,455,1700000,600000,https://flagpedia.net/data/flags/w580/sc.png,1976-09-21,https://es.wikipedia.org/wiki/Seychelles,https://es.wikipedia.org/wiki/Victoria_(Seychelles)
135,Sierra Leona,África,Freetown,7976983,71740,4000000,1200000,https://flagpedia.net/data/flags/w580/sl.png,1961-09-27,https://es.wikipedia.org/wiki/Sierra_Leona,https://es.wikipedia.org/wiki/Freetown
136,Somalia,África,Mogadiscio,15893222,637657,7000000,2000000,https://flagpedia.net/data/flags/w580/so.png,1960-09-20,https://es.wikipedia.org/wiki/Somalia,https://es.wikipedia.org/wiki/Mogadiscio
137,Suazilandia,África,Mbabane y Lobamba,1160164,17364,4500000,1500000,https://flagpedia.net/data/flags/w580/sz.png,1968-09-24,https://es.wikipedia.org/wiki/Suazilandia,https://es.wikipedia.org/wiki/Mbabane / https://es.wikipedia.org/wiki/Lobamba
138,Sudáfrica,África,"Pretoria, Bloemfontein y Ciudad del Cabo",59308690,1219090,351430000,400000000,https://flagpedia.net/data/flags/w580/za.png,1945-11-07,https://es.wikipedia.org/wiki/Sud%C3%A1frica, Bloemfontein y Ciudad del Cabo
139,Sudán,África,Jartum,43849260,1886068,30000000,25000000,https://flagpedia.net/data/flags/w580/sd.png,1956-11-12,https://es.wikipedia.org/wiki/Sud%C3%A1n,https://es.wikipedia.org/wiki/Jartum
140,Sudán del Sur,África,Yuba,11193725,619745,3000000,2500000,https://flagpedia.net/data/flags/w580/ss.png,2011-07-14,https://es.wikipedia.org/wiki/Sud%C3%A1n_del_Sur,https://es.wikipedia.org/wiki/Yuba
141,República Unida de Tanzanía,África,Dodoma,59734218,945087,62220000,12000000,https://flagpedia.net/data/flags/w580/tz.png,1961-12-14,https://es.wikipedia.org/wiki/Tanzania,https://es.wikipedia.org/wiki/Dodoma
142,Togo,África,Lomé,8278724,56785,7500000,3200000,https://flagpedia.net/data/flags/w580/tg.png,1960-09-20,https://es.wikipedia.org/wiki/Togo,https://es.wikipedia.org/wiki/Lom%C3%A9
143,Túnez,África,Túnez,11818618,163610,42000000,10000000,https://flagpedia.net/data/flags/w580/tn.png,1956-11-12,https://es.wikipedia.org/wiki/T%C3%BAnez,https://es.wikipedia.org/wiki/T%C3%BAnez
144,Uganda,África,Kampala,45741007,241038,34390000,5500000,https://flagpedia.net/data/flags/w580/ug.png,1962-10-25,https://es.wikipedia.org/wiki/Uganda,https://es.wikipedia.org/wiki/Kampala
145,Yibuti,África,Yibuti,988000,23200,3400000,1200000,https://flagpedia.net/data/flags/w580/dj.png,1977-09-20,https://es.wikipedia.org/wiki/Yibuti,https://es.wikipedia.org/wiki/Yibuti
146,Zambia,África,Lusaka,18383955,752612,26000000,8500000,https://flagpedia.net/data/flags/w580/zm.png,1964-12-01,https://es.wikipedia.org/wiki/Zambia,https://es.wikipedia.org/wiki/Lusaka
147,Zimbabue,África,Harare,14862924,390757,21440000,4800000,https://flagpedia.net/data/flags/w580/zw.png,1980-08-25,https://es.wikipedia.org/wiki/Zimbabue,https://es.wikipedia.org/wiki/Harare
148,Antigua y Barbuda,América,San Juan de Antigua,97118,442,1980000000,600000,https://flagpedia.net/data/flags/w580/ag.png,1981-11-11,https://es.wikipedia.org/wiki/Antigua_y_Barbuda,https://es.wikipedia.org/wiki/Saint_John_(Antigua_y_Barbuda)
149,Armenia,Asia,Ereván,2780469,29743,19500000000,6800000,https://flagpedia.net/data/flags/w580/am.png,1992-03-02,https://es.wikipedia.org/wiki/Armenia,https://es.wikipedia.org/wiki/Erev%C3%A1n
150,Azerbaiyán,Asia,Bakú,10143000,86600,78700000000,33000000,https://flagpedia.net/data/flags/w580/az.png,1992-03-02,https://es.wikipedia.org/wiki/Azerbaiy%C3%A1n,https://es.wikipedia.org/wiki/Bak%C3%BA
151,Bahamas,América,Nasáu,400516,13943,14900000000,2100000,https://flagpedia.net/data/flags/w580/bs.png,1973-09-18,https://es.wikipedia.org/wiki/Bahamas,https://es.wikipedia.org/wiki/Nas%C3%A1u
152,Barbados,América,Bridgetown,281995,430,5800000000,1300000,https://flagpedia.net/data/flags/w580/bb.png,1966-12-09,https://es.wikipedia.org/wiki/Barbados,https://es.wikipedia.org/wiki/Bridgetown
153,Baréin,Asia,Manama,1472000,765,44400000000,38000000,https://flagpedia.net/data/flags/w580/bh.png,1971-09-21,https://es.wikipedia.org/wiki/Bar%C3%A9in,https://es.wikipedia.org/wiki/Manama
154,Belarús,Europa,Minsk,9200617,207600,68200000000,57000000,https://flagpedia.net/data/flags/w580/by.png,1945-10-24,https://es.wikipedia.org/wiki/Bielorrusia,https://es.wikipedia.org/wiki/Minsk
155,Belice,América,Belmopán,405272,22966,2700000000,600000,https://flagpedia.net/data/flags/w580/bz.png,1981-09-25,https://es.wikipedia.org/wiki/Belice,https://es.wikipedia.org/wiki/Belmop%C3%A1n
156,Bhután,Asia,Timphu,787424,38394,2900000000,1600000,https://flagpedia.net/data/flags/w580/bt.png,1971-09-21,https://es.wikipedia.org/wiki/Bhut%C3%A1n,https://es.wikipedia.org/wiki/Timphu
157,Brunéi Darussalam,Asia,Bandar Seri Begawan,453000,5765,16700000000,8300000,https://flagpedia.net/data/flags/w580/bn.png,1984-09-21,https://es.wikipedia.org/wiki/Brun%C3%A9i,https://es.wikipedia.org/wiki/Bandar_Seri_Begawan
158,Camboya,Asia,Nom Pen,16944826,181035,29900000000,17000000,https://flagpedia.net/data/flags/w580/kh.png,1955-12-14,https://es.wikipedia.org/wiki/Camboya,https://es.wikipedia.org/wiki/Nom_Pen
159,Comoras,África,Moroni,836774,1862,1300000000,300000,https://flagpedia.net/data/flags/w580/km.png,1975-11-12,https://es.wikipedia.org/wiki/Comoras,https://es.wikipedia.org/wiki/Moroni
160,Costa Rica,América,San José,5215000,51100,74400000000,9100000,https://flagpedia.net/data/flags/w580/cr.png,1945-11-02,https://es.wikipedia.org/wiki/Costa_Rica,https://es.wikipedia.org/wiki/San_Jos%C3%A9_(Costa_Rica)
161,Cuba,América,La Habana,11194449,109884,115000000000,24000000,https://flagpedia.net/data/flags/w580/cu.png,1945-10-24,https://es.wikipedia.org/wiki/Cuba,https://es.wikipedia.org/wiki/La_Habana
162,Dominica,América,Roseau,72737,751,630000000,200000,https://flagpedia.net/data/flags/w580/dm.png,1978-12-18,https://es.wikipedia.org/wiki/Dominica,https://es.wikipedia.org/wiki/Roseau
163,El Salvador,América,San Salvador,6364943,21041,34200000000,6500000,https://flagpedia.net/data/flags/w580/sv.png,1945-10-24,https://es.wikipedia.org/wiki/El_Salvador,https://es.wikipedia.org/wiki/San_Salvador
164,Georgia,Asia,Tiflis,3736400,69700,24600000000,9800000,https://flagpedia.net/data/flags/w580/ge.png,1992-07-31,https://es.wikipedia.org/wiki/Georgia,https://es.wikipedia.org/wiki/Tiflis
165,Granada,América,Saint George,126183,344,1500000000,300000,https://flagpedia.net/data/flags/w580/gd.png,1974-09-17,https://es.wikipedia.org/wiki/Granada_(pa%C3%ADs),https://es.wikipedia.org/wiki/Saint_George_(Granada)
166,Guatemala,América,Ciudad de Guatemala,17980803,108889,95000000000,21000000,https://flagpedia.net/data/flags/w580/gt.png,1945-11-21,https://es.wikipedia.org/wiki/Guatemala,https://es.wikipedia.org/wiki/Ciudad_de_Guatemala
167,Haití,América,Puerto Príncipe,11724000,27750,20300000000,3800000,https://flagpedia.net/data/flags/w580/ht.png,1945-10-24,https://es.wikipedia.org/wiki/Hait%C3%AD,https://es.wikipedia.org/wiki/Puerto_Pr%C3%ADncipe
168,Honduras,América,Tegucigalpa,10278000,112492,33600000000,9200000,https://flagpedia.net/data/flags/w580/hn.png,1945-12-17,https://es.wikipedia.org/wiki/Honduras,https://es.wikipedia.org/wiki/Tegucigalpa
169,Jamaica,América,Kingston,2827000,10991,17100000000,8000000,https://flagpedia.net/data/flags/w580/jm.png,1962-09-18,https://es.wikipedia.org/wiki/Jamaica,https://es.wikipedia.org/wiki/Kingston
170,Kazajistán,Asia,Astaná,19606633,2724900,224000000000,280000000,https://flagpedia.net/data/flags/w580/kz.png,1992-03-02,https://es.wikipedia.org/wiki/Kazajist%C3%A1n,https://es.wikipedia.org/wiki/Astan%C3%A1
171,Kirguistán,Asia,Biskek,7100000,199951,11700000000,12000000,https://flagpedia.net/data/flags/w580/kg.png,1992-03-02,https://es.wikipedia.org/wiki/Kirguist%C3%A1n,https://es.wikipedia.org/wiki/Biskek
172,Liechtenstein,Europa,Vaduz,39584,160,7400000000,200000,https://flagpedia.net/data/flags/w580/li.png,1990-09-18,https://es.wikipedia.org/wiki/Liechtenstein,https://es.wikipedia.org/wiki/Vaduz
173,Maldivas,Asia,Male,521000,298,6200000000,1300000,https://flagpedia.net/data/flags/w580/mv.png,1965-09-21,https://es.wikipedia.org/wiki/Maldivas,https://es.wikipedia.org/wiki/Male
174,Mónaco,Europa,Mónaco,39150,2,8300000000,100000,https://flagpedia.net/data/flags/w580/mc.png,1993-05-28,https://es.wikipedia.org/wiki/M%C3%B3naco,https://es.wikipedia.org/wiki/M%C3%B3naco
175,Mongolia,Asia,Ulan Bator,3458000,1564116,18900000000,20000000,https://flagpedia.net/data/flags/w580/mn.png,1961-10-27,https://es.wikipedia.org/wiki/Mongolia,https://es.wikipedia.org/wiki/Ulan_Bator
176,Myanmar,Asia,Naypyidó,55227000,676578,65300000000,37000000,https://flagpedia.net/data/flags/w580/mm.png,1948-04-19,https://es.wikipedia.org/wiki/Myanmar,https://es.wikipedia.org/wiki/Naypyid%C3%B3
177,Nepal,Asia,Katmandú,30547580,147516,40800000000,12000000,https://flagpedia.net/data/flags/w580/np.png,1955-12-14,https://es.wikipedia.org/wiki/Nepal,https://es.wikipedia.org/wiki/Katmand%C3%BA
178,Nicaragua,América,Managua,6851000,130373,15700000000,4800000,https://flagpedia.net/data/flags/w580/ni.png,1945-10-24,https://es.wikipedia.org/wiki/Nicaragua,https://es.wikipedia.org/wiki/Managua
179,Omán,Asia,Muscat,4576000,309500,114000000000,70000000,https://flagpedia.net/data/flags/w580/om.png,1971-10-07,https://es.wikipedia.org/wiki/Om%C3%A1n,https://es.wikipedia.org/wiki/Mascate
180,Panamá,América,Ciudad de Panamá,4468000,75420,76500000000,12000000,https://flagpedia.net/data/flags/w580/pa.png,1945-11-13,https://es.wikipedia.org/wiki/Panam%C3%A1,https://es.wikipedia.org/wiki/Ciudad_de_Panam%C3%A1
181,Qatar,Asia,Doha,2716000,11586,235000000000,106000000,https://flagpedia.net/data/flags/w580/qa.png,1971-09-21,https://es.wikipedia.org/wiki/Catar,https://es.wikipedia.org/wiki/Doha
182,Siria,Asia,Damasco,22125000,185180,,26000000,https://flagpedia.net/data/flags/w580/sy.png,1945-10-24,https://es.wikipedia.org/wiki/Siria,https://es.wikipedia.org/wiki/Damasco
183,República Democrática Popular Lao,Asia,Vientián,7529000,236800,15700000000,6500000,https://flagpedia.net/data/flags/w580/la.png,1955-12-14,https://es.wikipedia.org/wiki/Laos,https://es.wikipedia.org/wiki/Vienti%C3%A1n
184,República Dominicana,América,Santo Domingo,11332972,48671,120000000000,29000000,https://flagpedia.net/data/flags/w580/do.png,1945-10-24,https://es.wikipedia.org/wiki/Rep%C3%BAblica_Dominicana,https://es.wikipedia.org/wiki/Santo_Domingo
185,República Popular Democrática de Corea (NORTE),Asia,Pionyang,26160000,120540,,33000000,https://flagpedia.net/data/flags/w580/kp.png,1991-09-17,https://es.wikipedia.org/wiki/Corea_del_Norte,https://es.wikipedia.org/wiki/Pionyang
186,Ruanda,África,Kigali,13600000,26338,13300000000,1900000,https://flagpedia.net/data/flags/w580/rw.png,1962-09-18,https://es.wikipedia.org/wiki/Ruanda,https://es.wikipedia.org/wiki/Kigali
187,Saint Kitts y Nevis,América,Basseterre,47755,261,1100000000,200000,https://flagpedia.net/data/flags/w580/kn.png,1983-09-23,https://es.wikipedia.org/wiki/San_Crist%C3%B3bal_y_Nieves,https://es.wikipedia.org/wiki/Basseterre
188,San Vicente y las Granadinas,América,Kingstown,104332,389,970000000,300000,https://flagpedia.net/data/flags/w580/vc.png,1980-09-16,https://es.wikipedia.org/wiki/San_Vicente_y_las_Granadinas,https://es.wikipedia.org/wiki/Kingstown
189,Santa Lucía,América,Castries,179857,616,2400000000,400000,https://flagpedia.net/data/flags/w580/lc.png,1979-09-18,https://es.wikipedia.org/wiki/Santa_Luc%C3%ADa,https://es.wikipedia.org/wiki/Castries
190,Sri Lanka,Asia,Sri Jayawardenepura Kotte,22181000,65610,74400000000,21000000,https://flagpedia.net/data/flags/w580/lk.png,1955-12-14,https://es.wikipedia.org/wiki/Sri_Lanka,https://es.wikipedia.org/wiki/Sri_Jayawardenepura_Kotte
191,Tayikistán,Asia,Dushanbé,10082000,143100,11400000000,9100000,https://flagpedia.net/data/flags/w580/tj.png,1992-03-02,https://es.wikipedia.org/wiki/Tayikist%C3%A1n,https://es.wikipedia.org/wiki/Dushanbe
192,Timor-Leste,Asia,Dili,1389000,14874,2100000000,900000,https://flagpedia.net/data/flags/w580/tl.png,2002-09-27,https://es.wikipedia.org/wiki/Timor_Oriental,https://es.wikipedia.org/wiki/Dili
193,Trinidad y Tabago,América,Puerto España,1531000,5130,28800000000,38000000,https://flagpedia.net/data/flags/w580/tt.png,1962-09-18,https://es.wikipedia.org/wiki/Trinidad_y_Tobago,https://es.wikipedia.org/wiki/Puerto_Espa%C3%B1a
194,Turkmenistán,Asia,Ashgabat,6470000,488100,79300000000,75000000,https://flagpedia.net/data/flags/w580/tm.png,1992-03-02,https://es.wikipedia.org/wiki/Turkmenist%C3%A1n,https://es.wikipedia.org/wiki/Ashgabat
195,Uzbekistán,Asia,Tashkent,36024000,447400,95300000000,120000000,https://flagpedia.net/data/flags/w580/uz.png,1992-03-02,https://es.wikipedia.org/wiki/Uzbekist%C3%A1n,https://es.wikipedia.org/wiki/Tashkent
196,Yemen,Asia,Saná,34449000,527968,,10000000,https://flagpedia.net/data/flags/w580/ye.png,1947-09-30,https://es.wikipedia.org/wiki/Yemen,https://es.wikipedia.org/wiki/San%C3%A1
